,user_ids,support,itemsets,period,property_values,depth,size,SEX,itemset_name
0,"[121128, 142122, 195864, 307536, 317089, 318300, 341173, 428148, 450623, 482512, 542513]",11, 1482 1487,2018-04-01,M,0.0,11,M,['BDG ECLAIR CHOCOLAT']
1,"[317089, 341173, 346289, 462727, 544950]",5, 116 1487,2018-04-01,M,0.0,5,M,[]
2,"[752568, 913872, 953725, 1037646]",4, 1578 87,2018-04-01,M,0.0,4,M,[]
3,"[428148, 609205, 734117, 964983]",4, 115 1487,2018-04-01,M,0.0,4,M,[]
4,"[416219, 953725, 963615]",3, 88 146,2018-04-01,M,0.0,3,M,[]
5,"[953725, 963615, 971894]",3, 88 87,2018-04-01,M,0.0,3,M,[]
6,"[231859, 459345, 460697, 536669]",4, 2031 1486,2018-04-01,M,0.0,4,M,"['ARIZONA STRAWBERRY LEMON 500ML', 'BDG TARTELETTE FRAISES']"
7,"[199034, 296815, 520059]",3, 2031 1487,2018-04-01,M,0.0,3,M,['ARIZONA STRAWBERRY LEMON 500ML']
8,"[913872, 971894, 1007975]",3, 1940 87,2018-04-01,M,0.0,3,M,[]
9,"[250204, 752568, 1037646]",3, 1578 482,2018-04-01,M,0.0,3,M,[]
10,"[752568, 1014685, 1036452]",3, 497 87,2018-04-01,M,0.0,3,M,[]
11,"[468837, 752568, 1007975, 1037646]",4, 482 87,2018-04-01,M,0.0,4,M,[]
12,"[272301, 302709, 570060]",3, 1486 1053,2018-04-01,M,0.0,3,M,['BDG TARTELETTE FRAISES']
13,"[171799, 428148, 456040, 588268]",4, 1486 1482,2018-04-01,M,0.0,4,M,"['BDG ECLAIR CHOCOLAT', 'BDG TARTELETTE FRAISES']"
14,"[428148, 553151, 897112, 1087105]",4, 1486 1487,2018-04-01,M,0.0,4,M,['BDG TARTELETTE FRAISES']
15,"[130640, 185934, 197591, 211606, 269567, 316591, 462697, 518075, 530055, 1025269, 1034684]",11, 1053 1482,2018-04-01,M,0.0,11,M,['BDG ECLAIR CHOCOLAT']
16,"[346289, 543323, 607089, 827344]",4, 1053 1487,2018-04-01,M,0.0,4,M,[]
17,"[101763, 347161, 453671]",3, 222 557,2018-04-01,M,0.0,3,M,[]
18,"[578639, 619437, 1007975]",3, 904 87,2018-04-08,M,0.25,3,M,[]
19,"[128561, 332432, 333183, 366033, 615570, 1027715]",6, 115 1487,2018-04-08,M,0.25,6,M,[]
20,"[134483, 416795, 691544]",3, 1840 1848,2018-04-08,M,0.25,3,M,"['CR COOKIE DOUBLE CHOCOLAT 103 GR', 'MINUTE MAID ORA']"
21,"[149299, 506611, 510144]",3, 1038 1487,2018-04-08,M,0.25,3,M,['BD FRENCH BURGER BACON RACLETTE']
22,"[247735, 691544, 827072]",3, 1848 536,2018-04-08,M,0.25,3,M,['CR COOKIE DOUBLE CHOCOLAT 103 GR']
23,"[428202, 619437, 1007975, 1014685, 1037646]",5, 482 87,2018-04-08,M,0.25,5,M,[]
24,"[156096, 283351, 346745, 379534, 994612]",5, 1053 1482,2018-04-08,M,0.25,5,M,['BDG ECLAIR CHOCOLAT']
25,"[187833, 427250, 603391]",3, 59 1053,2018-04-08,M,0.25,3,M,[]
26,"[228704, 339428, 599245, 709087]",4, 1053 1486,2018-04-08,M,0.25,4,M,['BDG TARTELETTE FRAISES']
27,"[125579, 166603, 212581, 249382, 549038, 912460, 926305]",7, 1053 1487,2018-04-08,M,0.25,7,M,[]
28,"[103371, 141181, 242201, 252901, 282188, 390982, 502923, 607453, 836821]",9, 1486 1482,2018-04-08,M,0.25,9,M,"['BDG ECLAIR CHOCOLAT', 'BDG TARTELETTE FRAISES']"
29,"[100202, 146574, 267277, 490823, 491803, 500694, 594063]",7, 1482 1487,2018-04-08,M,0.25,7,M,['BDG ECLAIR CHOCOLAT']
30,"[466946, 619437, 1007975]",3, 904 482,2018-04-08,M,0.25,3,M,[]
31,"[112041, 166603, 200047, 223802, 309563, 333183, 356320, 387532, 443070, 445147, 469254, 470752, 472871, 549038, 558639, 724769, 813375]",17, 116 1487,2018-04-08,M,0.25,17,M,[]
32,"[549038, 615570, 813375]",3, 2030 1487,2018-04-08,M,0.25,3,M,['ARIZONA WATERMELON 500ML']
0,"[199476, 231351, 289246, 433003, 440578, 467594, 721265, 746498, 920213]",9, 1487 1482,2018-04-15,M,0.0,9,M,['BDG ECLAIR CHOCOLAT']
1,"[299907, 481424, 1044291]",3, 2029 1486,2018-04-15,M,0.0,3,M,"['ARIZONA MUCHO M', 'BDG TARTELETTE FRAISES']"
2,"[565366, 913872, 971894]",3, 1940 87,2018-04-15,M,0.0,3,M,[]
3,"[445147, 456470, 764838]",3, 823 782,2018-04-15,M,0.0,3,M,['CDB FANTA ORANGE PET 50CL']
4,"[108938, 222001, 252444]",3, 2259 1917,2018-04-15,M,0.0,3,M,['YRT DANIO PASSI']
5,"[108938, 222001, 394135, 418129]",4, 2259 1381 962,2018-04-15,M,0.0,4,M,"['BD MAXI CHOCO', 'BD MUFFIN TOBLERONE', 'YRT DANIO PASSI']"
6,"[752568, 913872, 1007975, 1060608]",4, 1578 87,2018-04-15,M,0.0,4,M,[]
7,"[324352, 404347, 939408, 973987, 1083206]",5, 2030 116 1487,2018-04-15,M,0.0,5,M,['ARIZONA WATERMELON 500ML']
8,"[324352, 404347, 619574, 939408, 973987, 1083206]",6, 2030 116,2018-04-15,M,0.0,6,M,['ARIZONA WATERMELON 500ML']
9,"[259947, 324352, 404347, 939408, 973987, 1083206]",6, 2030 1487,2018-04-15,M,0.0,6,M,['ARIZONA WATERMELON 500ML']
10,"[157314, 433174, 832102]",3, 1917 940 1381 962,2018-04-15,M,0.0,3,M,"['BD MAXI CHOCO', 'BD MUFFIN TOBLERONE']"
11,"[157314, 433174, 518759, 832102]",4, 1917 940 1381,2018-04-15,M,0.0,4,M,['BD MAXI CHOCO']
12,"[157314, 433174, 518759, 832102, 991720]",5, 1917 940,2018-04-15,M,0.0,5,M,[]
13,"[108938, 157314, 222001, 433174, 832102]",5, 1917 1381 962,2018-04-15,M,0.0,5,M,"['BD MAXI CHOCO', 'BD MUFFIN TOBLERONE']"
14,"[247735, 391675, 1038520]",3, 2155 1848,2018-04-15,M,0.0,3,M,"['CR COOKIE DOUBLE CHOCOLAT 103 GR', 'ELF NET.JANTES MOTO 400ML']"
15,"[108938, 157314, 222001, 313130, 433174, 518759, 832102]",7, 1917 1381,2018-04-15,M,0.0,7,M,['BD MAXI CHOCO']
16,"[108938, 157314, 222001, 394135, 418129, 433174, 832102]",7, 1381 962,2018-04-15,M,0.0,7,M,"['BD MAXI CHOCO', 'BD MUFFIN TOBLERONE']"
17,"[122926, 209850, 259947, 289246, 430521, 936098, 1054887, 1055711]",8, 115 1487,2018-04-15,M,0.0,8,M,[]
18,"[134691, 436693, 918133]",3, 2095 962,2018-04-15,M,0.0,3,M,['BD MUFFIN TOBLERONE']
19,"[297431, 322207, 324352, 378650, 404347, 447321, 939408, 973987, 1083206]",9, 116 1487,2018-04-15,M,0.0,9,M,[]
20,"[526400, 626335, 752568, 1082751]",4, 1842 87,2018-04-15,M,0.0,4,M,['NESTEA PECHE 50']
21,"[418129, 626335, 1057307, 1062941]",4, 1848 87,2018-04-15,M,0.0,4,M,['CR COOKIE DOUBLE CHOCOLAT 103 GR']
22,"[578639, 616565, 995860, 1014685, 1036452, 1060608]",6, 482 87,2018-04-15,M,0.0,6,M,[]
23,"[177693, 468259, 583814, 597749]",4, 1036 1487,2018-04-15,M,0.0,4,M,['BD SDW BRIOCHE THON']
24,"[418129, 565366, 1052503]",3, 962 87,2018-04-15,M,0.0,3,M,['BD MUFFIN TOBLERONE']
25,"[461624, 622767, 802585]",3, 962 1482,2018-04-15,M,0.0,3,M,"['BD MUFFIN TOBLERONE', 'BDG ECLAIR CHOCOLAT']"
26,"[433003, 611397, 939408]",3, 1053 1487,2018-04-15,M,0.0,3,M,[]
27,"[147863, 250397, 257026, 315504, 327554, 433003, 479753, 585524, 828865]",9, 1053 1482,2018-04-15,M,0.0,9,M,['BDG ECLAIR CHOCOLAT']
28,"[140965, 481424, 486023, 595081, 929431]",5, 1486 1482,2018-04-15,M,0.0,5,M,"['BDG ECLAIR CHOCOLAT', 'BDG TARTELETTE FRAISES']"
29,"[115437, 157314, 433174, 518759, 832102]",5, 940 1381,2018-04-15,M,0.0,5,M,['BD MAXI CHOCO']
30,"[115437, 313130, 394135]",3, 732 1381,2018-04-15,M,0.0,3,M,"['BD MAXI CHOCO', 'CDB ACC FRITES']"
0,"[164453, 200564, 304298, 339606, 567321, 570365, 577399, 608653, 870293, 890216]",10, 1482 1487,2018-04-22,M,0.0,10,M,['BDG ECLAIR CHOCOLAT']
1,"[411438, 420985, 531250, 875980, 918855]",5, 1834 782,2018-04-22,M,0.0,5,M,[]
2,"[1007975, 1014685, 1048011]",3, 2094 87,2018-04-22,M,0.0,3,M,[]
3,"[127790, 193696, 267391, 1017422]",4, 2259 962,2018-04-22,M,0.0,4,M,"['BD MUFFIN TOBLERONE', 'YRT DANIO PASSI']"
4,"[220247, 339664, 1031571, 1080244]",4, 115 1487,2018-04-22,M,0.0,4,M,[]
5,"[193696, 381585, 1017422]",3, 1381 2259,2018-04-22,M,0.0,3,M,"['BD MAXI CHOCO', 'YRT DANIO PASSI']"
6,"[398225, 593459, 1080244]",3, 2030 1487,2018-04-22,M,0.0,3,M,['ARIZONA WATERMELON 500ML']
7,"[274894, 398225, 593459]",3, 2030 116,2018-04-22,M,0.0,3,M,['ARIZONA WATERMELON 500ML']
8,"[234547, 404535, 540000]",3, 536 1848,2018-04-22,M,0.0,3,M,['CR COOKIE DOUBLE CHOCOLAT 103 GR']
9,"[220247, 869139, 922589]",3, 1035 1487,2018-04-22,M,0.0,3,M,[]
10,"[127790, 464331, 607784]",3, 1917 962 59,2018-04-22,M,0.0,3,M,['BD MUFFIN TOBLERONE']
11,"[453193, 464331, 607784]",3, 1917 940,2018-04-22,M,0.0,3,M,[]
12,"[309445, 463969, 615217]",3, 2029 1486,2018-04-22,M,0.0,3,M,"['ARIZONA MUCHO M', 'BDG TARTELETTE FRAISES']"
13,"[913872, 1060608, 1098099]",3, 1567 87,2018-04-22,M,0.0,3,M,[]
14,"[522344, 1036452, 1082751]",3, 2128 87,2018-04-22,M,0.0,3,M,['GOLDEN CHERITEL']
15,"[615661, 1047955, 1098099]",3, 974 87,2018-04-22,M,0.0,3,M,[]
16,"[106214, 235232, 339606, 398225, 445207, 470752, 593459, 619574, 644632, 1027715]",10, 116 1487,2018-04-22,M,0.0,10,M,[]
17,"[203556, 234547, 321180, 389628, 404535]",5, 1848 1842,2018-04-22,M,0.0,5,M,"['CR COOKIE DOUBLE CHOCOLAT 103 GR', 'NESTEA PECHE 50']"
18,"[124913, 203556, 234547, 308992, 386149, 794721]",6, 1848 1840,2018-04-22,M,0.0,6,M,"['CR COOKIE DOUBLE CHOCOLAT 103 GR', 'MINUTE MAID ORA']"
19,"[199278, 548135, 590872]",3, 782 2095,2018-04-22,M,0.0,3,M,[]
20,"[296686, 328952, 564995, 914974, 1025324]",5, 1486 1482,2018-04-22,M,0.0,5,M,"['BDG ECLAIR CHOCOLAT', 'BDG TARTELETTE FRAISES']"
21,"[335097, 363138, 408175, 412247, 555704, 611456, 957813, 992130]",8, 1053 1482,2018-04-22,M,0.0,8,M,['BDG ECLAIR CHOCOLAT']
22,"[555704, 568132, 817038, 918133]",4, 962 1482,2018-04-22,M,0.0,4,M,"['BD MUFFIN TOBLERONE', 'BDG ECLAIR CHOCOLAT']"
23,"[526457, 995860, 1060608]",3, 962 87,2018-04-22,M,0.0,3,M,['BD MUFFIN TOBLERONE']
24,"[188482, 252915, 379139, 404827, 445207, 567321, 890216, 994406]",8, 1036 1487,2018-04-22,M,0.0,8,M,['BD SDW BRIOCHE THON']
25,"[596209, 745446, 768034, 1010855]",4, 1495 1482,2018-04-22,M,0.0,4,M,['BDG ECLAIR CHOCOLAT']
26,"[174604, 203556, 234547, 251287, 385298, 881389]",6, 1842 1840,2018-04-22,M,0.0,6,M,"['MINUTE MAID ORA', 'NESTEA PECHE 50']"
27,"[203067, 304012, 539653]",3, 1275 482,2018-04-22,M,0.0,3,M,[]
28,"[217323, 840790, 992130]",3, 2095 1842,2018-04-22,M,0.0,3,M,['NESTEA PECHE 50']
29,"[539653, 995860, 1060608]",3, 482 962,2018-04-22,M,0.0,3,M,['BD MUFFIN TOBLERONE']
30,"[506984, 568132, 597332, 760146]",4, 2295 1482,2018-04-22,M,0.0,4,M,['BDG ECLAIR CHOCOLAT']
31,"[568132, 589952, 873712]",3, 2295 962,2018-04-22,M,0.0,3,M,['BD MUFFIN TOBLERONE']
32,"[877676, 1082015, 1092264]",3, 2295 1840,2018-04-22,M,0.0,3,M,['MINUTE MAID ORA']
33,"[107936, 447576, 597332, 992130]",4, 1832 1482,2018-04-22,M,0.0,4,M,"['BDG ECLAIR CHOCOLAT', 'MENTOS GREEN AP']"
34,"[107936, 447576, 596209]",3, 823 1482,2018-04-22,M,0.0,3,M,"['BDG ECLAIR CHOCOLAT', 'CDB FANTA ORANGE PET 50CL']"
35,"[107936, 447576, 480033, 758478]",4, 823 1832,2018-04-22,M,0.0,4,M,"['CDB FANTA ORANGE PET 50CL', 'MENTOS GREEN AP']"
36,"[519885, 526400, 528700, 995860, 1036452, 1047955, 1048011, 1060608]",8, 482 87,2018-04-22,M,0.0,8,M,[]
37,"[361281, 392932, 461997]",3, 2037 1486,2018-04-22,M,0.0,3,M,['BDG TARTELETTE FRAISES']
0,"[125579, 132253, 158554, 231331, 307158, 310155, 312163, 328876, 348948, 365989, 443105, 462697, 464243, 578455, 600607, 839968, 911071, 958708, 1001471]",19, 1482 1952,2018-04-29,M,0.0,19,M,['BDG ECLAIR CHOCOLAT']
1,"[131494, 328876, 348948, 498199, 516711, 794611, 890276]",7, 1495 1482,2018-04-29,M,0.0,7,M,['BDG ECLAIR CHOCOLAT']
2,"[123499, 125579, 460228]",3, 823 1952,2018-04-29,M,0.0,3,M,['CDB FANTA ORANGE PET 50CL']
3,"[139602, 241604, 413192, 545944, 552046]",5, 823 1953,2018-04-29,M,0.0,5,M,['CDB FANTA ORANGE PET 50CL']
4,"[125579, 139602, 397622]",3, 823 1482,2018-04-29,M,0.0,3,M,"['BDG ECLAIR CHOCOLAT', 'CDB FANTA ORANGE PET 50CL']"
5,"[123499, 347715, 545944]",3, 823 962,2018-04-29,M,0.0,3,M,"['BD MUFFIN TOBLERONE', 'CDB FANTA ORANGE PET 50CL']"
6,"[105377, 284219, 322278, 540268]",4, 782 1953,2018-04-29,M,0.0,4,M,[]
7,"[433003, 784522, 956518]",3, 782 823,2018-04-29,M,0.0,3,M,['CDB FANTA ORANGE PET 50CL']
8,"[189014, 280693, 461322, 563386, 569032]",5, 1840 1952,2018-04-29,M,0.0,5,M,['MINUTE MAID ORA']
9,"[619437, 913872, 1014685]",3, 482 87,2018-04-29,M,0.0,3,M,[]
10,"[752568, 913872, 971894]",3, 1940 87,2018-04-29,M,0.0,3,M,[]
11,"[241604, 487374, 517820]",3, 862 1953,2018-04-29,M,0.0,3,M,[]
12,"[113595, 266265, 975853]",3, 1832 2095,2018-04-29,M,0.0,3,M,['MENTOS GREEN AP']
13,"[752568, 1008376, 1036452]",3, 1874 87,2018-04-29,M,0.0,3,M,['CR PAIN AU RAIS']
14,"[470752, 825311, 885686]",3, 2148 1487,2018-04-29,M,0.0,3,M,['TOTAL LAVE GL.CONCENT.ETE 250ML']
15,"[505859, 842240, 916838]",3, 88 146,2018-04-29,M,0.0,3,M,[]
16,"[416219, 505859, 916838]",3, 280 88,2018-04-29,M,0.0,3,M,[]
17,"[204029, 407955, 911071]",3, 778 1952,2018-04-29,M,0.0,3,M,[]
18,"[171287, 328876, 348948]",3, 1495 1952,2018-04-29,M,0.0,3,M,[]
19,"[134691, 217160, 361022]",3, 2095 962,2018-04-29,M,0.0,3,M,['BD MUFFIN TOBLERONE']
20,"[230094, 251957, 839968]",3, 2095 1482,2018-04-29,M,0.0,3,M,['BDG ECLAIR CHOCOLAT']
21,"[217160, 567466, 839968]",3, 2095 1952,2018-04-29,M,0.0,3,M,[]
22,"[139602, 297341, 317812, 350732, 430886, 452286, 480218, 487374, 540268, 549392, 563904, 832718, 974536]",13, 1482 1953,2018-04-29,M,0.0,13,M,['BDG ECLAIR CHOCOLAT']
23,"[109363, 153970, 171799, 595081]",4, 1486 1952,2018-04-29,M,0.0,4,M,['BDG TARTELETTE FRAISES']
24,"[125579, 132253, 287131, 479921, 489485, 492536, 839968, 1001471, 1057667]",9, 1487 1952,2018-04-29,M,0.0,9,M,[]
25,"[105377, 265485, 298450, 602814, 748914, 832718, 871314]",7, 1487 1953,2018-04-29,M,0.0,7,M,[]
26,"[125579, 132253, 832718, 839968, 1001471, 1014944]",6, 1487 1482,2018-04-29,M,0.0,6,M,['BDG ECLAIR CHOCOLAT']
27,"[125579, 132253, 839968, 1001471]",4, 1487 1482 1952,2018-04-29,M,0.0,4,M,['BDG ECLAIR CHOCOLAT']
28,"[123499, 188766, 217160, 241632, 243592, 333924, 385979, 443105, 502470, 537105, 588699, 928931]",12, 962 1952,2018-04-29,M,0.0,12,M,['BD MUFFIN TOBLERONE']
29,"[134691, 166250, 169564, 444898, 540268, 545944, 602814]",7, 962 1953,2018-04-29,M,0.0,7,M,['BD MUFFIN TOBLERONE']
30,"[572651, 948337, 999588]",3, 1493 1491,2018-04-29,M,0.0,3,M,[]
31,"[159219, 443105, 469049, 540268]",4, 962 1482,2018-04-29,M,0.0,4,M,"['BD MUFFIN TOBLERONE', 'BDG ECLAIR CHOCOLAT']"
32,"[139446, 199929, 350732, 444898, 525897]",5, 1053 1953,2018-04-29,M,0.0,5,M,[]
33,"[230094, 257995, 265551, 305549, 316209, 350732, 470754, 561280]",8, 1053 1482,2018-04-29,M,0.0,8,M,['BDG ECLAIR CHOCOLAT']
34,"[125579, 189014, 241632, 303718, 310155, 341023, 385979, 407955, 460711, 518130, 560614, 580384, 699477, 751190, 852354, 899049]",16, 1842 1952,2018-04-29,M,0.0,16,M,['NESTEA PECHE 50']
35,"[125579, 310155, 461611, 469049, 832718]",5, 1842 1482,2018-04-29,M,0.0,5,M,"['BDG ECLAIR CHOCOLAT', 'NESTEA PECHE 50']"
36,"[125579, 457077, 832718]",3, 1842 1487,2018-04-29,M,0.0,3,M,['NESTEA PECHE 50']
37,"[241632, 385979, 469049]",3, 1842 962,2018-04-29,M,0.0,3,M,"['BD MUFFIN TOBLERONE', 'NESTEA PECHE 50']"
38,"[237374, 341023, 461322, 875691]",4, 2295 1952,2018-04-29,M,0.0,4,M,[]
39,"[166250, 517820, 556062]",3, 2295 1953,2018-04-29,M,0.0,3,M,[]
40,"[143182, 540788, 546986, 560139, 997085]",5, 1053 1952,2018-04-29,M,0.0,5,M,[]
41,"[309153, 381774, 827712]",3, 221 626,2018-04-29,M,0.0,3,M,[]
0,"[102120, 111931, 114176, 120768, 124913, 141681, 149020, 182535, 205702, 354216, 375618, 387123, 407307, 421214, 438114, 461875, 495076, 510627, 544399, 780709, 899949, 909107, 915453, 993325, 1016700, 1017619]",26, 1482 1952,2018-05-06,M,0.0,26,M,['BDG ECLAIR CHOCOLAT']
1,"[491304, 599279, 1041531]",3, 2295 1952,2018-05-06,M,0.0,3,M,[]
2,"[131514, 270808, 496856, 618409]",4, 1848 1952,2018-05-06,M,0.0,4,M,['CR COOKIE DOUBLE CHOCOLAT 103 GR']
3,"[761107, 1014685, 1048011, 1060608]",4, 910 87,2018-05-06,M,0.0,4,M,[]
4,"[1014685, 1047955, 1060608]",3, 511 87,2018-05-06,M,0.0,3,M,['CRO PART FONDANT CHOCOLAT']
5,"[416219, 526400, 619437, 1014685, 1040091]",5, 482 87,2018-05-06,M,0.0,5,M,[]
6,"[187830, 276878, 487513]",3, 2095 782,2018-05-06,M,0.0,3,M,[]
7,"[131514, 387123, 889816, 1030087]",4, 2095 1952,2018-05-06,M,0.0,4,M,[]
8,"[761107, 913872, 1014685, 1040091]",4, 1940 87,2018-05-06,M,0.0,4,M,[]
9,"[519469, 526400, 1063143]",3, 783 87,2018-05-06,M,0.0,3,M,[]
10,"[149020, 227837, 451669, 568646, 570702, 594114, 609104, 1016700]",8, 1946 1842 1952,2018-05-06,M,0.0,8,M,['NESTEA PECHE 50']
11,"[149020, 227837, 451669, 568646, 570702, 594114, 609104, 866495, 1016700]",9, 1946 1842,2018-05-06,M,0.0,9,M,['NESTEA PECHE 50']
12,"[149020, 227837, 368210, 451669, 568646, 570702, 594114, 609104, 1016700]",9, 1946 1952,2018-05-06,M,0.0,9,M,[]
13,"[137845, 412949, 497232, 604098]",4, 962 1952,2018-05-06,M,0.0,4,M,['BD MUFFIN TOBLERONE']
14,"[1014685, 1048011, 1060608]",3, 361 87 910,2018-05-06,M,0.0,3,M,[]
15,"[209850, 463488, 605261]",3, 1056 1953,2018-05-06,M,0.0,3,M,[]
16,"[149020, 354216, 1016700]",3, 1842 1482 1952,2018-05-06,M,0.0,3,M,"['BDG ECLAIR CHOCOLAT', 'NESTEA PECHE 50']"
17,"[149020, 267956, 354216, 1016700]",4, 1842 1482,2018-05-06,M,0.0,4,M,"['BDG ECLAIR CHOCOLAT', 'NESTEA PECHE 50']"
18,"[137845, 149020, 227837, 354216, 366994, 412949, 437007, 451669, 482021, 491304, 514471, 568646, 570702, 575287, 594114, 609104, 995076, 1016700, 1030087]",19, 1842 1952,2018-05-06,M,0.0,19,M,['NESTEA PECHE 50']
19,"[244550, 350800, 730652]",3, 1053 1487,2018-05-06,M,0.0,3,M,[]
20,"[199984, 326750, 330991, 381808, 540428, 1058945]",6, 1053 1953,2018-05-06,M,0.0,6,M,[]
21,"[136805, 170293, 193469, 310030, 421214, 889816, 898779, 917021, 927249, 1008413, 1034508]",11, 1053 1952,2018-05-06,M,0.0,11,M,[]
22,"[461875, 570060, 793296, 876788]",4, 1486 1482,2018-05-06,M,0.0,4,M,"['BDG ECLAIR CHOCOLAT', 'BDG TARTELETTE FRAISES']"
23,"[128359, 129345, 616767, 793296]",4, 1486 1953,2018-05-06,M,0.0,4,M,['BDG TARTELETTE FRAISES']
24,"[127536, 132260, 228856, 262086, 430159, 461875, 711515, 833102, 988971]",9, 1486 1952,2018-05-06,M,0.0,9,M,['BDG TARTELETTE FRAISES']
25,"[464842, 582952, 601588]",3, 1487 1482,2018-05-06,M,0.0,3,M,['BDG ECLAIR CHOCOLAT']
26,"[209850, 243783, 286035, 308273, 359909, 419307, 464842, 578038, 866133]",9, 1487 1953,2018-05-06,M,0.0,9,M,[]
27,"[607089, 970021, 1005776]",3, 1487 1952,2018-05-06,M,0.0,3,M,[]
28,"[171002, 325302, 330991, 339606, 415780, 464842, 469167, 543400, 757740, 793296, 880018, 880754]",12, 1482 1953,2018-05-06,M,0.0,12,M,['BDG ECLAIR CHOCOLAT']
29,"[217160, 604098, 1030087]",3, 59 1952,2018-05-06,M,0.0,3,M,[]
30,"[1007975, 1040091, 1047955]",3, 987 87,2018-05-06,M,0.0,3,M,[]
0,"[154953, 172631, 191455, 194430, 204013, 225819, 242000, 260131, 262604, 270310, 294838, 304712, 337054, 363564, 376431, 382944, 400788, 401082, 403388, 419983, 426964, 461078, 478898, 505787, 506632, 509394, 523515, 523822, 528153, 539446, 568859, 569472, 623335, 838066, 884542, 898398, 916428, 932372, 953213, 1028470]",40, 1482 1952,2018-05-13,M,0.0,40,M,['BDG ECLAIR CHOCOLAT']
1,"[734723, 849812, 913363, 913872, 979729, 988692, 993844, 1008376, 1058591, 1060608]",10, 482 87,2018-05-13,M,0.0,10,M,[]
2,"[204013, 338042, 870253]",3, 962 1952,2018-05-13,M,0.0,3,M,['BD MUFFIN TOBLERONE']
3,"[285609, 616565, 979729]",3, 962 87,2018-05-13,M,0.0,3,M,['BD MUFFIN TOBLERONE']
4,"[114666, 875212, 1007010]",3, 2295 1952,2018-05-13,M,0.0,3,M,[]
5,"[250397, 757044, 894647]",3, 2295 1953,2018-05-13,M,0.0,3,M,[]
6,"[194407, 242618, 287308, 287730, 1025269]",5, 1940 1952,2018-05-13,M,0.0,5,M,[]
7,"[752568, 901480, 913872, 1060608]",4, 1940 87,2018-05-13,M,0.0,4,M,[]
8,"[215168, 323257, 454468, 919805]",4, 1832 1952,2018-05-13,M,0.0,4,M,['MENTOS GREEN AP']
9,"[172631, 488580, 1060176]",3, 476 1952,2018-05-13,M,0.0,3,M,[]
10,"[112161, 172631, 218865, 926125]",4, 476 1482,2018-05-13,M,0.0,4,M,['BDG ECLAIR CHOCOLAT']
11,"[162567, 383585, 622174]",3, 782 1952,2018-05-13,M,0.0,3,M,[]
12,"[154953, 287867, 403828, 486524, 953213]",5, 2095 1482,2018-05-13,M,0.0,5,M,['BDG ECLAIR CHOCOLAT']
13,"[121408, 147432, 221595, 251765]",4, 862 1953,2018-05-13,M,0.0,4,M,[]
14,"[121691, 544077, 916245]",3, 626 1952,2018-05-13,M,0.0,3,M,[]
15,"[281283, 416219, 563837]",3, 88 280,2018-05-13,M,0.0,3,M,[]
16,"[574634, 849812, 901480, 1008376]",4, 720 87,2018-05-13,M,0.0,4,M,['CR COOKIE CHOCOLAT LAIT 103 GR']
17,"[849812, 1060608, 1082751]",3, 910 87,2018-05-13,M,0.0,3,M,[]
18,"[187589, 849812, 1060608]",3, 910 482,2018-05-13,M,0.0,3,M,[]
19,"[616565, 752568, 963615]",3, 1412 87,2018-05-13,M,0.0,3,M,['CBV CROISSANT']
20,"[101105, 232805, 624879]",3, 1840 1952,2018-05-13,M,0.0,3,M,['MINUTE MAID ORA']
21,"[101105, 338042, 348809, 460884, 911887]",5, 1848 1952,2018-05-13,M,0.0,5,M,['CR COOKIE DOUBLE CHOCOLAT 103 GR']
22,"[308169, 416219, 563837]",3, 436 280,2018-05-13,M,0.0,3,M,['CARTE ESCALE DE']
23,"[610249, 616565, 993844]",3, 952 87,2018-05-13,M,0.0,3,M,['BD TARTELETTE CITRON MERINGUEE']
24,"[323034, 439953, 574634]",3, 1919 437,2018-05-13,M,0.0,3,M,['MEZ STD SCE PESTO BIFFI']
25,"[121691, 566211, 916245]",3, 557 1952,2018-05-13,M,0.0,3,M,[]
26,"[112041, 544077, 916106]",3, 494 217,2018-05-13,M,0.0,3,M,[]
27,"[185934, 374454, 374604, 402221, 403828, 761035]",6, 2095 1953,2018-05-13,M,0.0,6,M,[]
28,"[297139, 494444, 704970]",3, 1495 1056,2018-05-13,M,0.0,3,M,[]
29,"[121408, 131516, 131554, 138058, 172631, 180207, 191463, 193278, 205683, 282632, 288039, 293305, 301967, 311282, 371498, 403828, 440924, 443377, 448108, 490454, 491154, 502470, 502556, 503081, 520616, 582160, 593390, 711978, 827344, 883606, 894647, 913577, 971477]",33, 1482 1953,2018-05-13,M,0.0,33,M,['BDG ECLAIR CHOCOLAT']
30,"[144834, 166603, 242000, 264679, 376431, 382944, 409846, 461078, 615774, 794869, 868830, 897112, 964983, 1039249]",14, 1487 1952,2018-05-13,M,0.0,14,M,[]
31,"[151015, 158032, 287608, 299397, 332432, 383930, 440924, 460839, 502470, 883223, 899788, 1057085]",12, 1487 1953,2018-05-13,M,0.0,12,M,[]
32,"[242000, 376431, 382944, 440924, 461078, 502470, 1054887]",7, 1487 1482,2018-05-13,M,0.0,7,M,['BDG ECLAIR CHOCOLAT']
33,"[242000, 376431, 382944, 461078]",4, 1487 1482 1952,2018-05-13,M,0.0,4,M,['BDG ECLAIR CHOCOLAT']
34,"[149886, 199094, 225819, 262604, 288714, 371690, 502923, 528008, 805459, 897112]",10, 1486 1952,2018-05-13,M,0.0,10,M,['BDG TARTELETTE FRAISES']
35,"[139113, 294495, 330312, 339505, 368624, 392932, 478306, 502556, 520616, 733800, 955102]",11, 1486 1953,2018-05-13,M,0.0,11,M,['BDG TARTELETTE FRAISES']
36,"[225819, 262604, 442103, 497798, 502556, 520616, 538955, 614578, 881662]",9, 1486 1482,2018-05-13,M,0.0,9,M,"['BDG ECLAIR CHOCOLAT', 'BDG TARTELETTE FRAISES']"
37,"[873625, 897112, 1003499, 1043027]",4, 1486 1487,2018-05-13,M,0.0,4,M,['BDG TARTELETTE FRAISES']
38,"[109730, 194430, 239075, 241897, 286387, 363564, 373230, 423574, 426964, 467169, 476259, 478898, 488580, 502013, 588437, 632926, 784734, 805459, 875212, 884542, 916245, 926266]",22, 1053 1952,2018-05-13,M,0.0,22,M,[]
39,"[102086, 107936, 121408, 217323, 225183, 235952, 288039, 328183, 383930, 443377, 478306, 560380, 582160, 748770, 751640, 955102, 1045083]",17, 1053 1953,2018-05-13,M,0.0,17,M,[]
40,"[154953, 162567, 183978, 287754, 953213, 999021]",6, 2095 1952,2018-05-13,M,0.0,6,M,[]
41,"[121408, 194430, 268854, 288039, 288754, 333067, 363564, 426964, 443377, 478898, 582160, 614578, 616783, 884542]",14, 1053 1482,2018-05-13,M,0.0,14,M,['BDG ECLAIR CHOCOLAT']
42,"[121408, 288039, 443377, 582160]",4, 1053 1482 1953,2018-05-13,M,0.0,4,M,['BDG ECLAIR CHOCOLAT']
43,"[200564, 205668, 383930, 477616]",4, 1053 1487,2018-05-13,M,0.0,4,M,[]
44,"[204947, 280400, 364804, 478306, 497772, 614578, 805459, 955102]",8, 1053 1486,2018-05-13,M,0.0,8,M,['BDG TARTELETTE FRAISES']
45,"[110899, 253171, 588437, 607784]",4, 59 1952,2018-05-13,M,0.0,4,M,[]
46,"[145875, 264917, 324104, 751640]",4, 59 1953,2018-05-13,M,0.0,4,M,[]
47,"[292347, 588437, 751640]",3, 59 1053,2018-05-13,M,0.0,3,M,[]
48,"[184791, 242000, 261185, 326190, 506632, 513268, 870293, 919805]",8, 1056 1952,2018-05-13,M,0.0,8,M,[]
49,"[112161, 242000, 506632, 614578, 975853]",5, 1056 1482,2018-05-13,M,0.0,5,M,['BDG ECLAIR CHOCOLAT']
50,"[200887, 215168, 240151, 287308, 336514, 348361, 379359, 414662, 424321, 429748, 499476, 513268, 519950, 542281, 548967, 568859, 870253, 875212, 878894, 884176, 1007010, 1010419, 1057511]",23, 1842 1952,2018-05-13,M,0.0,23,M,['NESTEA PECHE 50']
51,"[221595, 324205, 593390, 985441]",4, 1842 1953,2018-05-13,M,0.0,4,M,['NESTEA PECHE 50']
52,"[450648, 745508, 884542]",3, 1463 1952,2018-05-13,M,0.0,3,M,['BDG ENTRECOTE FRITES']
53,"[194430, 363564, 426964, 478898, 884542]",5, 1053 1482 1952,2018-05-13,M,0.0,5,M,['BDG ECLAIR CHOCOLAT']
54,"[348809, 540071, 594866]",3, 1833 1952,2018-05-13,M,0.0,3,M,[]
0,"[138017, 156490, 199576, 209988, 347169, 350390, 365455, 378563, 387373, 396719, 407955, 434210, 513098, 532007, 535413, 562456, 571180, 584471, 598679, 609538, 615114, 744093, 755136, 806614, 827754, 905059, 976245]",27, 1482 1952,2018-05-20,M,0.0,27,M,['BDG ECLAIR CHOCOLAT']
1,"[451909, 538955, 942775]",3, 2295 1953,2018-05-20,M,0.0,3,M,[]
2,"[200596, 254815, 428651]",3, 1149 482,2018-05-20,M,0.0,3,M,[]
3,"[157745, 314647, 532633, 807093]",4, 1813 1952,2018-05-20,M,0.0,4,M,['MENTOS FRESH MTH EUCALY 60G']
4,"[339428, 836821, 1061200]",3, 1476 1486,2018-05-20,M,0.0,3,M,['BDG TARTELETTE FRAISES']
5,"[138017, 150337, 209794, 510973, 537580, 1001471]",6, 480 1952,2018-05-20,M,0.0,6,M,[]
6,"[164525, 192058, 199576, 387239, 597464]",5, 1832 1482,2018-05-20,M,0.0,5,M,"['BDG ECLAIR CHOCOLAT', 'MENTOS GREEN AP']"
7,"[378563, 541417, 575826, 622174, 868295]",5, 1495 1482,2018-05-20,M,0.0,5,M,['BDG ECLAIR CHOCOLAT']
8,"[128843, 319133, 895339]",3, 962 2095 1952,2018-05-20,M,0.0,3,M,['BD MUFFIN TOBLERONE']
9,"[128843, 248530, 319133, 364930, 895339]",5, 962 2095,2018-05-20,M,0.0,5,M,['BD MUFFIN TOBLERONE']
10,"[200596, 364930, 427283, 603391, 638210]",5, 962 1953,2018-05-20,M,0.0,5,M,['BD MUFFIN TOBLERONE']
11,"[128843, 319133, 389328, 504538, 895339]",5, 962 1952,2018-05-20,M,0.0,5,M,['BD MUFFIN TOBLERONE']
12,"[129114, 336312, 364930, 711135]",4, 2095 1953,2018-05-20,M,0.0,4,M,[]
13,"[205109, 584471, 615570]",3, 825 1952,2018-05-20,M,0.0,3,M,['CDB VITTEL PET 50CL']
14,"[336312, 348380, 364930, 607089]",4, 2095 1482,2018-05-20,M,0.0,4,M,['BDG ECLAIR CHOCOLAT']
15,"[108521, 137677, 213412, 451909, 538955, 711135]",6, 1842 1953,2018-05-20,M,0.0,6,M,['NESTEA PECHE 50']
16,"[112768, 133707, 150337, 234478, 271452, 314647, 342688, 389328, 479302, 551221, 609538, 626106, 970438, 1006344]",14, 1842 1952,2018-05-20,M,0.0,14,M,['NESTEA PECHE 50']
17,"[242281, 603391, 957469]",3, 59 1953,2018-05-20,M,0.0,3,M,[]
18,"[205109, 242883, 314647, 739860, 970438]",5, 59 1952,2018-05-20,M,0.0,5,M,[]
19,"[732484, 1030310, 1050419]",3, 1487 1486,2018-05-20,M,0.0,3,M,['BDG TARTELETTE FRAISES']
20,"[199285, 447717, 1030310]",3, 1487 1952,2018-05-20,M,0.0,3,M,[]
21,"[127119, 242281, 264020, 404236, 498748, 525806, 551627, 835212, 984551]",9, 1053 1953,2018-05-20,M,0.0,9,M,[]
22,"[264020, 270998, 404236, 526886, 584471, 868295]",6, 1053 1482,2018-05-20,M,0.0,6,M,['BDG ECLAIR CHOCOLAT']
23,"[205109, 221236, 305861, 310088, 342688, 351455, 381313, 437840, 463851, 584471, 620532, 849095, 1038520]",13, 1053 1952,2018-05-20,M,0.0,13,M,[]
24,"[372638, 387373, 434210, 488638, 515602, 836821, 934931]",7, 1486 1482,2018-05-20,M,0.0,7,M,"['BDG ECLAIR CHOCOLAT', 'BDG TARTELETTE FRAISES']"
25,"[387373, 434210, 468848, 543430, 620532, 1030310]",6, 1486 1952,2018-05-20,M,0.0,6,M,['BDG TARTELETTE FRAISES']
26,"[137677, 210628, 217181, 241558, 247822, 264020, 303160, 313674, 336312, 364930, 404236, 488785, 507358]",13, 1953 1482,2018-05-20,M,0.0,13,M,['BDG ECLAIR CHOCOLAT']
27,"[128843, 205515, 218238, 319133, 432122, 570365, 719340, 895339]",8, 2095 1952,2018-05-20,M,0.0,8,M,[]
28,"[336312, 337630, 404236]",3, 1940 1953,2018-05-20,M,0.0,3,M,[]
0,"[115862, 173410, 175596, 179724, 205626, 212834, 224478, 268731, 272880, 275156, 322207, 340373, 359007, 394811, 410856, 419594, 461107, 467764, 475170, 478470, 492313, 519232, 533587, 552904, 562199, 579398, 591897, 765564, 870420, 912494]",30, 1482 1952,2018-05-27,M,0.0,30,M,['BDG ECLAIR CHOCOLAT']
1,"[584447, 989025, 995860, 1014685, 1037646, 1048011, 1058591, 1070069, 1082751]",9, 482 87,2018-05-27,M,0.0,9,M,[]
2,"[212834, 410856, 422933, 948321]",4, 2095 1952,2018-05-27,M,0.0,4,M,[]
3,"[106150, 212834, 410856]",3, 2095 1482,2018-05-27,M,0.0,3,M,['BDG ECLAIR CHOCOLAT']
4,"[103655, 274199, 332924, 880981, 1031701]",5, 2095 1953,2018-05-27,M,0.0,5,M,[]
5,"[103655, 422933, 588437, 1031701]",4, 2095 1842,2018-05-27,M,0.0,4,M,['NESTEA PECHE 50']
6,"[257643, 394811, 455688, 478470, 776030, 948321]",6, 862 1952,2018-05-27,M,0.0,6,M,[]
7,"[100186, 216882, 391816]",3, 823 1952,2018-05-27,M,0.0,3,M,['CDB FANTA ORANGE PET 50CL']
8,"[192647, 224478, 466214]",3, 962 1482,2018-05-27,M,0.0,3,M,"['BD MUFFIN TOBLERONE', 'BDG ECLAIR CHOCOLAT']"
9,"[114474, 137379, 737370, 1031701]",4, 478 1953,2018-05-27,M,0.0,4,M,[]
10,"[208744, 325622, 619574]",3, 860 1953,2018-05-27,M,0.0,3,M,[]
11,"[752568, 1015043, 1082751]",3, 910 87,2018-05-27,M,0.0,3,M,[]
12,"[192624, 737370, 969236]",3, 1242 1953,2018-05-27,M,0.0,3,M,['RE OEUF MAYONNA']
13,"[537976, 913872, 1058591]",3, 1242 87,2018-05-27,M,0.0,3,M,['RE OEUF MAYONNA']
14,"[203225, 462727, 463903]",3, 1840 1842,2018-05-27,M,0.0,3,M,"['MINUTE MAID ORA', 'NESTEA PECHE 50']"
15,"[989025, 1007975, 1037646]",3, 2229 87,2018-05-27,M,0.0,3,M,"[""POM'POTES NATURE 90G""]"
16,"[734723, 988692, 1037646]",3, 1411 482,2018-05-27,M,0.0,3,M,[]
17,"[424865, 488638, 977224]",3, 1832 1482,2018-05-27,M,0.0,3,M,"['BDG ECLAIR CHOCOLAT', 'MENTOS GREEN AP']"
18,"[216882, 224478, 361677, 374519, 552813, 805158]",6, 962 1952,2018-05-27,M,0.0,6,M,['BD MUFFIN TOBLERONE']
19,"[100186, 217162, 257643, 992699]",4, 1842 1053 1952,2018-05-27,M,0.0,4,M,['NESTEA PECHE 50']
20,"[100186, 217162, 257643, 324531, 992699]",5, 1842 1053,2018-05-27,M,0.0,5,M,['NESTEA PECHE 50']
21,"[191426, 192624, 192647, 280194, 286215, 293992, 339880, 390982, 430778, 441117, 462727, 503538, 532387, 555005, 560373, 715221, 769479, 895064, 895072, 1009849]",20, 1953 1482,2018-05-27,M,0.0,20,M,['BDG ECLAIR CHOCOLAT']
22,"[100186, 152590, 175596, 212834, 216882, 217162, 224478, 238112, 251568, 257643, 268731, 293451, 335469, 340373, 360222, 366711, 427892, 451363, 466690, 519593, 544498, 544963, 562434, 579607, 614754, 723407, 949285, 951912, 992699, 999737, 1066565]",31, 1053 1952,2018-05-27,M,0.0,31,M,[]
23,"[175596, 212834, 224478, 268731, 280194, 340373, 355812, 390982, 555005, 716605, 869433]",11, 1053 1482,2018-05-27,M,0.0,11,M,['BDG ECLAIR CHOCOLAT']
24,"[175596, 212834, 224478, 268731, 340373]",5, 1053 1482 1952,2018-05-27,M,0.0,5,M,['BDG ECLAIR CHOCOLAT']
25,"[208404, 280194, 390982, 416910, 499991, 508045, 555005]",7, 1053 1953,2018-05-27,M,0.0,7,M,[]
26,"[280194, 390982, 555005]",3, 1053 1953 1482,2018-05-27,M,0.0,3,M,['BDG ECLAIR CHOCOLAT']
27,"[127960, 215998, 256540, 322207, 359007, 391816, 410856, 531554, 562199, 605844, 723407]",11, 1487 1952,2018-05-27,M,0.0,11,M,[]
28,"[204764, 322207, 359007, 382985, 383585, 410856, 562199, 899061]",8, 1487 1482,2018-05-27,M,0.0,8,M,['BDG ECLAIR CHOCOLAT']
29,"[322207, 359007, 410856, 562199]",4, 1487 1482 1952,2018-05-27,M,0.0,4,M,['BDG ECLAIR CHOCOLAT']
30,"[293992, 462727, 756856, 836821]",4, 1486 1482,2018-05-27,M,0.0,4,M,"['BDG ECLAIR CHOCOLAT', 'BDG TARTELETTE FRAISES']"
31,"[118478, 123801, 251568, 427250, 451363, 1003119]",6, 59 1952,2018-05-27,M,0.0,6,M,[]
32,"[224478, 391816, 508397, 1032002]",4, 1056 1952,2018-05-27,M,0.0,4,M,[]
33,"[224478, 494174, 773493, 833102]",4, 1056 1482,2018-05-27,M,0.0,4,M,['BDG ECLAIR CHOCOLAT']
34,"[148475, 391816, 1066512]",3, 1056 1487,2018-05-27,M,0.0,3,M,[]
35,"[100186, 110518, 118478, 217162, 257643, 422933, 533587, 571753, 589044, 631932, 765564, 992699]",12, 1842 1952,2018-05-27,M,0.0,12,M,['NESTEA PECHE 50']
36,"[462727, 533587, 765564, 977224]",4, 1842 1482,2018-05-27,M,0.0,4,M,"['BDG ECLAIR CHOCOLAT', 'NESTEA PECHE 50']"
37,"[103655, 462727, 1031701]",3, 1842 1953,2018-05-27,M,0.0,3,M,['NESTEA PECHE 50']
38,"[913872, 1007975, 1014685, 1082751]",4, 1934 87,2018-05-27,M,0.0,4,M,[]
39,"[366994, 963585, 992699]",3, 621 1053,2018-05-27,M,0.0,3,M,['CRO SDW PANINI CATALAN']
0,"[103371, 280194, 888898]",3, 1482 1486,2018-06-03,M,0.0,3,M,"['BDG ECLAIR CHOCOLAT', 'BDG TARTELETTE FRAISES']"
1,"[372572, 448076, 866133, 948247, 1035275]",5, 1487 1482,2018-06-03,M,0.0,5,M,['BDG ECLAIR CHOCOLAT']
2,"[196163, 210955, 227947, 267798, 281956, 284689, 306382, 351712, 391203, 430018, 601211]",11, 1053 1482,2018-06-03,M,0.0,11,M,['BDG ECLAIR CHOCOLAT']
3,"[535929, 752568, 957240, 1014685]",4, 482 87,2018-06-03,M,0.0,4,M,[]
4,"[574634, 758594, 945563, 957240]",4, 1578 87,2018-06-03,M,0.0,4,M,[]
5,"[614220, 752568, 849812, 1014685, 1082751]",5, 910 87,2018-06-03,M,0.0,5,M,[]
6,"[842314, 911614, 963615]",3, 88 146,2018-06-03,M,0.0,3,M,[]
7,"[309563, 523092, 552282, 555151, 1065517]",5, 2030 1487,2018-06-03,M,0.0,5,M,['ARIZONA WATERMELON 500ML']
8,"[505859, 742396, 842941]",3, 2226 87,2018-06-03,M,0.0,3,M,['BISC CHAMONIX ORANGE BELIN 250']
9,"[160892, 172406, 553533]",3, 932 482,2018-06-03,M,0.0,3,M,[]
10,"[418129, 752568, 1052503]",3, 1840 87,2018-06-03,M,0.0,3,M,['MINUTE MAID ORA']
0,"[258020, 468749, 607089]",3, 1487 1482,2018-06-10,M,0.0,3,M,['BDG ECLAIR CHOCOLAT']
1,"[281256, 339445, 390982, 523099, 524735, 565802, 610931, 614909, 1019603]",9, 1486 1482,2018-06-10,M,0.0,9,M,"['BDG ECLAIR CHOCOLAT', 'BDG TARTELETTE FRAISES']"
2,"[126718, 192455, 293944, 446533]",4, 1053 1482,2018-06-10,M,0.0,4,M,['BDG ECLAIR CHOCOLAT']
3,"[118229, 118817, 466214, 822265, 895218]",5, 1495 1482,2018-06-10,M,0.0,5,M,['BDG ECLAIR CHOCOLAT']
4,"[339445, 466214, 610931]",3, 2034 1482,2018-06-10,M,0.0,3,M,['BDG ECLAIR CHOCOLAT']
5,"[237374, 365989, 412209]",3, 2034 1487,2018-06-10,M,0.0,3,M,[]
6,"[295601, 339445, 610931]",3, 2034 1486,2018-06-10,M,0.0,3,M,['BDG TARTELETTE FRAISES']
7,"[752568, 1007975, 1008376, 1047955]",4, 910 87,2018-06-10,M,0.0,4,M,[]
8,"[351897, 459345, 511792, 524735, 570446]",5, 2030 1486,2018-06-10,M,0.0,5,M,"['ARIZONA WATERMELON 500ML', 'BDG TARTELETTE FRAISES']"
9,"[532337, 714833, 738974]",3, 2225 87,2018-06-10,M,0.0,3,M,['GRANOLA COOKIES']
0,"[132519, 170102, 171090, 186079, 488823, 614173, 932650, 1054186]",8, 1487 1482,2018-06-17,M,0.0,8,M,['BDG ECLAIR CHOCOLAT']
1,"[153850, 428793, 487798, 538955, 616541, 864313, 905659]",7, 1486 1482,2018-06-17,M,0.0,7,M,"['BDG ECLAIR CHOCOLAT', 'BDG TARTELETTE FRAISES']"
2,"[153850, 269417, 316835, 484792, 583691, 806691, 973075, 1019568]",8, 1053 1482,2018-06-17,M,0.0,8,M,['BDG ECLAIR CHOCOLAT']
3,"[258635, 267277, 611043, 824083]",4, 1056 1487,2018-06-17,M,0.0,4,M,[]
4,"[269417, 950583, 1019568]",3, 1056 1053,2018-06-17,M,0.0,3,M,[]
5,"[416219, 471775, 989025, 1007975, 1037646, 1082751]",6, 482 87,2018-06-17,M,0.0,6,M,[]
6,"[113487, 378940, 406989]",3, 557 242,2018-06-17,M,0.0,3,M,[]
7,"[261215, 350143, 1086750]",3, 782 482,2018-06-17,M,0.0,3,M,[]
8,"[156366, 313935, 838936]",3, 1381 1242,2018-06-17,M,0.0,3,M,"['BD MAXI CHOCO', 'RE OEUF MAYONNA']"
9,"[257398, 575459, 1069245]",3, 222 202,2018-06-17,M,0.0,3,M,[]
10,"[842941, 1036452, 1082751]",3, 1158 87,2018-06-17,M,0.0,3,M,[]
11,"[153850, 161156, 468467]",3, 2030 1486,2018-06-17,M,0.0,3,M,"['ARIZONA WATERMELON 500ML', 'BDG TARTELETTE FRAISES']"
12,"[467246, 504102, 964983]",3, 2034 1487,2018-06-17,M,0.0,3,M,[]
13,"[911614, 1001550, 1097861]",3, 280 88,2018-06-17,M,0.0,3,M,[]
